{
	"system" : {
		"platform" : "windows64",
		"os_name" : "Windows 10",
		"os_version" : "10.0"
	},
	"error" : {
		"executable" : "quartus_sh",
		"comment" : "not_applicable",
		"error_message" : "Access Violation at 0X00007FFB428FFAAD",
		"source_file" : "unknown",
		"line" : "0",
		"stack_trace" : "\t0x7ffb428ffaac: ntdll + 0x2faac (RtlEnterCriticalSection + 0xc)\n\t0x7ffaaa46d49e: ig8icd64 + 0x63d49e (DrvValidateVersion + 0x173e)\n\t0x7ffaaa46ce7b: ig8icd64 + 0x63ce7b (DrvValidateVersion + 0x111b)\n\t0x7ffb4117ad76: USER32 + 0x8ad76 (GetClassNameA + 0x256)\n\t0x7ffb4117b30f: USER32 + 0x8b30f (GetClassNameA + 0x7ef)\n\t0x7ffb41110bc2: USER32 + 0x20bc2 (SendMessageTimeoutW + 0x142)\n\t0x7ffb42970d73: ntdll + 0xa0d73 (KiUserCallbackDispatcher + 0x23)\n\t0x7ffb40382383: win32u + 0x2383 (NtUserDestroyWindow + 0x13)\n\t 0x6adc0a86: tk86 + 0x130a86 (Ttk_WinPlatformInit + 0x146)\n\t 0x6ade8764: tk86 + 0x158764 (Ttk_GetCurrentTheme + 0x3b4)\n\t 0x6d4d350c: tcl86 + 0x1350c (Tcl_DeleteInterp + 0x26c)\n\t0x7ffb26c3def6: ccl_atcl + 0xdef6 (?atcl_exe_fini@@YAXXZ + 0x56)\n\t0x7ffb26c6224b: ccl_atcl + 0x3224b (_CRT_INIT + 0xeb)\n\t0x7ffb26c624cd: ccl_atcl + 0x324cd (__DllMainCRTStartup + 0xe1)\n\t0x7ffb428e9a1c: ntdll + 0x19a1c (RtlActivateActivationContextUnsafeFast + 0x11c)\n\t0x7ffb4292db90: ntdll + 0x5db90 (LdrShutdownProcess + 0x140)\n\t0x7ffb4292da2c: ntdll + 0x5da2c (RtlExitUserProcess + 0xac)\n\t0x7ffb4182e0aa: KERNEL32 + 0x1e0aa (FatalExit + 0xa)\n\t0x7ffb286829a6: MSVCR120 + 0x229a6 (_initterm_e + 0x21a)\n\t0x7ff7aa3553ad: quartus_sh + 0x53ad (__tmainCRTStartup + 0x125)\n\t0x7ffb41827033: KERNEL32 + 0x17033 (BaseThreadInitThunk + 0x13)\n\t0x7ffb42922650: ntdll + 0x52650 (RtlUserThreadStart + 0x20)\n",
		"subsystem" : "unknown"
	},
	"quartus" : {
		"quartus_bits" : "64",
		"version" : "18.1.0",
		"build" : "625",
		"edition" : "Lite Edition"
	}
}